<?xml version="1.0" encoding="UTF-8" standalone="yes"?>
<addon id="script.module.addon.connector"
    name="Addon connector"
    version="0.1.0+matrix.1"
    provider-name="Rick Phillips (ruuk) + CastagnaIT">
    <requires>
        <import addon="xbmc.python" version="3.0.0" />
    </requires>
    <extension point="xbmc.python.module" library="lib" />
    <extension point="xbmc.addon.metadata">
        <summary lang="en_GB">Exchange data between add-ons and services</summary>
        <description lang="en_GB">A Kodi module to provide the communication between add-ons and add-ons services</description>
        <platform>all</platform>
        <license>LGPL-2.1-or-later</license>
        <source>https://github.com/CastagnaIT/script.module.addon.connector</source>
        <assets>
            <icon>resources/icon.png</icon>
        </assets>
    </extension>
</addon>
