<?xml version="1.0" encoding="UTF-8" standalone="yes"?>
<addon id="script.module.oauthlib" name="oauthlib" version="3.1.0+matrix.1" provider-name="Idan Gazit">
	<requires>
		<import addon="xbmc.python" version="3.0.0"/>
		<import addon="script.module.blinker" version="1.4.0+matrix.1"/>
		<import addon="script.module.cryptography" version="2.8.0+matrix.1"/>
		<import addon="script.module.pyjwt" version="1.7.1+matrix.1"/>
	</requires>
	<extension point="xbmc.python.module" library="lib" />
	<extension point="xbmc.addon.metadata">
		<platform>all</platform>
		<language></language>
		<summary lang="en_GB">A generic, spec-compliant, thorough implementation of the OAuth request-signing logic</summary>
		<description lang="en_GB">A generic, spec-compliant, thorough implementation of the OAuth request-signing logic</description>
		<disclaimer lang="en_GB">A generic, spec-compliant, thorough implementation of the OAuth request-signing logic</disclaimer>
		<license>OAuthLib is yours to use and abuse according to the terms of the BSD license. Check the LICENSE file for full details</license>
		<website>https://pypi.python.org/pypi/oauthlib</website>
		<source>https://pypi.python.org/pypi/oauthlib</source>
	</extension>
</addon>
