<?xml version="1.0" encoding="UTF-8" standalone="yes"?>
<addon id="script.kodi.windows.update" name="Kodi Windows Installer" version="1.3.4" provider-name="Team Kodi">
    <requires>
        <import addon="xbmc.python" version="3.0.0"/>
        <import addon="script.module.six" version="1.0.0"/>
        <import addon="script.module.kodi-six" version="0.1.3.1"/>
        <import addon="script.module.simplecache" version="1.0.0"/>
        <import addon="script.module.beautifulsoup4" version="4.3.2"/>
    </requires>
    <extension point="xbmc.python.script" library="default.py"/>
    <extension point="xbmc.service" library="service.py"/>
    <extension point="xbmc.addon.metadata">
        <license>GPL-3.0-or-later</license>
        <platform>windows</platform>
        <website>http://kodi.tv</website>
        <source>https://github.com/Lunatixz/KODI_Addons/tree/master/script.kodi.windows.update</source>
        <forum>https://forum.kodi.tv/showthread.php?tid=325226</forum>
        <assets>
            <icon>resources/images/icon.png</icon>
            <fanart>resources/images/fanart.jpg</fanart>
            <screenshot>resources/images/screenshot01.png</screenshot>
            <screenshot>resources/images/screenshot02.png</screenshot>
            <screenshot>resources/images/screenshot03.png</screenshot>
            <screenshot>resources/images/screenshot04.png</screenshot>
        </assets>
        <summary lang="en_GB">Download and Install Kodi packages.</summary>
        <summary lang="ko_KR">Kodi 패키지를 다운로드하고 설치합니다.</summary>
        <summary lang="ru_RU">Скачиваете и устанавливайте пакеты Kodi.</summary>
        <description lang="en_GB">Download and Install Kodi window executables; select from  Nightlies, Releases, Snapshots and Test-builds.</description>
        <description lang="ko_KR">Kodi 윈도 실행 파일을 다운로드하고 설치하십시오. 매일판, 릴리스, 스냅샷 및 테스트 빌드에서 선택합니다.</description>
        <description lang="ru_RU">Загрузка и установка исполняемых файлов Kodi: ночные и тестовые сборки, релизы, снапшоты.</description>
        <disclaimer lang="en_GB">UWP not supported! Not intended for Kodi installation through the Windows Store.</disclaimer>
        <disclaimer lang="ko_KR">UWP가 지원되지 않습니다! 윈도 스토어를 통한 Kodi 설치용이 아닙니다.</disclaimer>
        <disclaimer lang="ru_RU">Не поддерживается UWP! Не предназначен для установки Kodi через Магазин Windows.</disclaimer>
    </extension>
</addon>
