<?xml version="1.0" encoding="UTF-8" standalone="yes"?>
<addon id="script.module.oauth2client"
       name="oauth2client"
       version="4.1.3.1"
       provider-name="Google Inc.">
  <requires>
    <import addon="xbmc.python" version="3.0.0"/>
	<import addon="script.module.httplib2" version="0.17.0" />
	<import addon="script.module.six" version="1.14.0" />
  </requires>
  <extension point="xbmc.python.module"
             library="lib" />
  <extension point="xbmc.addon.metadata">
    <summary lang="en_GB">OAuth 2.0 client library</summary>
    <description lang="en_GB">oauth2client is a client library for OAuth 2.0.</description>
    <disclaimer lang="en_GB">Source code from https://github.com/google/oauth2client</disclaimer>
    <license>Apache-2.0</license>
    <website>https://oauth2client.readthedocs.io/en/latest/</website>
    <source>https://github.com/googleapis/oauth2client</source>
  </extension>
</addon>
