<?xml version="1.0" encoding="UTF-8" standalone="yes"?>
<addon id="script.module.addon.signals"
    name="Addon Signals"
    version="0.0.5+matrix.1"
    provider-name="Rick Phillips (ruuk)">
    <requires>
        <import addon="xbmc.python" version="3.0.0"/>
    </requires>
    <extension point="xbmc.python.module" library="lib" />
    <extension point="xbmc.addon.metadata">
        <summary lang="en_GB">Inter-addon signalling</summary>
        <description lang="en_GB">Provides signal/slot mechanism for inter-addon communication</description>
        <platform>all</platform>
        <license>LGPL-2.1-only</license>
        <source>https://github.com/ruuk/script.module.addon.signals</source>
        <assets>
            <icon>icon.png</icon>
        </assets>
    </extension>
</addon>
