<?xml version="1.0" encoding="UTF-8" standalone="yes"?>
<addon id="script.kodi.android.update" name="Kodi Android Installer" version="1.3.4" provider-name="Team Kodi">
    <requires>
        <import addon="xbmc.python" version="3.0.0"/>
        <import addon="script.module.six" version="1.0.0"/>
        <import addon="script.module.kodi-six" version="0.1.3.1"/>
        <import addon="script.module.simplecache" version="1.0.0"/>
        <import addon="script.module.beautifulsoup4" version="4.3.2"/>
    </requires>
    <extension point="xbmc.python.script" library="default.py"/>
    <extension point="xbmc.service" library="service.py"/>
    <extension point="xbmc.addon.metadata">
        <license>GPL-3.0-or-later</license>
        <platform>android</platform>
        <website>http://kodi.tv</website>
        <source>https://github.com/Lunatixz/KODI_Addons/tree/master/script.kodi.android.update</source>
        <forum>https://forum.kodi.tv/showthread.php?tid=322783</forum>
        <assets>
            <icon>resources/images/icon.png</icon>
            <fanart>resources/images/fanart.jpg</fanart>
            <screenshot>resources/images/screenshot01.png</screenshot>
            <screenshot>resources/images/screenshot02.png</screenshot>
            <screenshot>resources/images/screenshot03.png</screenshot>
            <screenshot>resources/images/screenshot04.png</screenshot>
        </assets>
        <summary lang="en_GB">Download and Install Kodi packages.</summary>
        <summary lang="ko_KR">Kodi 패키지를 다운로드하고 설치합니다.</summary>
        <summary lang="ru_RU">Скачиваете и устанавливайте пакеты Kodi.</summary>
        <description lang="en_GB">Download and Install Kodi android packages; select from  Nightlies, Releases, Snapshots and Test-builds.</description>
        <description lang="ko_KR">Kodi 안드로이드 패키지를 다운로드하고 설치하십시오. 매일판, 릴리스, 스냅샷 및 테스트 빌드에서 선택합니다.</description>
    </extension>
</addon>
