<?xml version='1.0' encoding='UTF-8' standalone='yes'?>
<addon id="script.module.oauth2" name="oAuth2" provider-name="Joe Stump" version="1.9.0+matrix.2">
  <requires>
    <import addon="xbmc.python" version="3.0.0"/>
    <import addon="script.module.httplib2" version="0.17.0+matrix.1"/>
  </requires>
  <extension library="lib" point="xbmc.python.module" />
  <extension point="xbmc.addon.metadata">
        <summary lang="en_GB">oAuth2 module</summary>
        <description lang="en_GB">oAuth2 module</description>
        <disclaimer lang="en_GB">Visit http://pypi.python.org/pypi/oauth2/</disclaimer>
        <license>MIT</license>
        <platform>all</platform>
        <website>http://pypi.python.org/pypi/oauth2/</website>
        <source>http://pypi.python.org/pypi/oauth2/</source>
        <assets>
          <icon>icon.png</icon>
        </assets>
   </extension>
</addon>
